"Pi","File","Rows","SizeKB","LastWriteTime","SHA256"
"pi4","2025-12-09.csv","2911","187.68","2/5/2026 12:35:19 AM","AA37AF3959BDD7BDCF9CFC748311D56F02C2B8E72FCAAA6536208F32699F48E0"
"pi4","2025-12-10.csv","19505","1257.32","2/5/2026 12:35:30 AM","E40B40399A637E46A48CD3AD84F530B7C6E61222576BD0D2047FBB043D6B1589"
"pi4","2025-12-11.csv","6932","447.11","2/5/2026 12:35:35 AM","A5C8DAA73A1EB14B8BF5B1AB30C09F90CA059186AEEDD4129ED7540AB03F1EF5"
"pi4","2025-12-12.csv","19019","1226.05","2/5/2026 12:35:46 AM","6184AC11159D4F3FD8E3516E54FAF482CA2E9136CBBA3882A165B6D16D0AEA5A"
"pi4","2025-12-13.csv","520","33.65","2/5/2026 12:35:46 AM","797ACC941BA2E401272594C4984E436A4E9696B30A2770D35679CF518A100BF8"
"pi4","2025-12-14.csv","9820","633.02","2/5/2026 12:35:52 AM","8284D6EF8D40113C7DDEC09D3BB9D6C4E66C4B9C5BD30CDC8AA2BD69C58A7766"
"pi4","2025-12-15.csv","25774","1661.63","2/5/2026 12:36:08 AM","CBBA32BD05934FC813E62EE9ED6EB5DFB6229FA79F61B3F48ACB677E6BFA4881"
"pi4","2025-12-16.csv","36466","2350.44","2/5/2026 12:36:30 AM","2B9E6317F9D37EE76460E015D64C47F21006BF946A514048C2969E51F1CCA5C7"
"pi4","2025-12-17.csv","38315","2469.58","2/5/2026 12:36:54 AM","A1576070E7D6CA36A0105A788F715F574ECF11E8E6251EB207F424F5E6D61CFA"
"pi4","2025-12-18.csv","38315","2469.57","2/5/2026 12:37:17 AM","13E426C1BDFF379FF811F7B29490BE77C63FAFE5A5B6F888CBAA2DDCC4E85023"
"pi4","2025-12-19.csv","38313","2469.44","2/5/2026 12:37:40 AM","AC8227D81CDAF74E40445DA58DEC0F0C236DC40603842221BE8796AFBF7409C7"
"pi4","2025-12-20.csv","38315","2469.54","2/5/2026 12:38:03 AM","09BC3C1A27CC5B6AB9B33E1B069912108EB68D5DA6930CE7AD636728AC2C1ACD"
"pi4","2025-12-21.csv","38314","2469.47","2/5/2026 12:38:26 AM","A4319124492F59ED2C320ABA3EC40CDF07CACAC1B424CF54934983572C988B61"
"pi4","2025-12-22.csv","38315","2469.53","2/5/2026 12:38:49 AM","63BA4115E8E9FDDD5930CBA53D52D025CB5BC127F58B3BE9A898094233FD51EB"
"pi4","2025-12-23.csv","38314","2469.5","2/5/2026 12:39:13 AM","3F83D361A99FCE9BD64FB623DA07A147167E5063F6233B87E23E491BB942E6D2"
"pi4","2025-12-24.csv","38313","2469.46","2/5/2026 12:39:37 AM","AC6DB80838E775802F33F2247B7CF5A0EE1D43A87080AE4085619CF7049F855E"
"pi4","2025-12-25.csv","38315","2469.56","2/5/2026 12:40:01 AM","EF8B6AECD12E55B65BA79FFA25DFBE96B167A1A47E94AA424E6B749E26AC438A"
"pi4","2025-12-26.csv","38316","2469.64","2/5/2026 12:40:24 AM","AA07DC9D34C05E1E23B0EADEB5E72D592907CDA1B01CC4106BF42B616E115311"
"pi4","2025-12-27.csv","38315","2469.54","2/5/2026 12:40:48 AM","BDFD05F7E72F20E33D91D3094FBE608CE4E7DD6DBDEA816FA723560078255E0F"
"pi4","2025-12-28.csv","38315","2469.55","2/5/2026 12:41:13 AM","F08350652422A76EE7A4D53396263BE2C9B6A413ADB42F5C1D49B1717D44E90A"
"pi4","2025-12-29.csv","38314","2469.49","2/5/2026 12:41:38 AM","8FFC7F91801BC15274525A90E39CFAE00CCCFAC7E643F790B3AD9E39D1EB35FF"
"pi4","2025-12-30.csv","38314","2469.5","2/5/2026 12:42:03 AM","98DF8D1674CA00C8453C1BC912F71B8A301E2FF42CF905A42668A6A09DEC164E"
"pi4","2025-12-31.csv","38308","2469.11","2/5/2026 12:42:28 AM","ADF3B381B3F41D5DF1035E5320A08D49F6C85DE37CDE92F3D0DFAB8C00213146"
"pi4","2026-01-01.csv","38024","2450.81","2/5/2026 12:42:53 AM","DF646D87073AA72F1F2E90795223D69305BBB30000013C55E2BC8DDDA6CEBE8B"
"pi4","2026-01-02.csv","38316","2469.62","2/5/2026 12:43:18 AM","43FBC4D4175EE29346A6B3EE6D3F6027A80FC83AB30CDEE4F51A310BC143F69D"
"pi4","2026-01-03.csv","38315","2469.58","2/5/2026 12:43:43 AM","27EE0FC14619F613D60D549DE72FB15C191763730CB73305ED35026E974F5351"
"pi4","2026-01-04.csv","38318","2469.76","2/5/2026 12:44:08 AM","A2D69F6A48361E51EE345A4C192A348E7F68D77C1896CCBEC20359E001F04857"
"pi4","2026-01-05.csv","38317","2469.72","2/5/2026 12:44:33 AM","DF0182726679A0DA91B317FE49073739B68256AC913D73AB404F3AD70AD24FC9"
"pi4","2026-01-06.csv","38315","2469.54","2/5/2026 12:44:58 AM","19A29F7A82EAC59FB3D8E4E10CED2DB2CF126B2DF378803ADB6FC844AAA2586A"
"pi4","2026-01-07.csv","38307","2468.58","2/5/2026 12:45:22 AM","5155B0203CC4AC2947009F597C95C935AA0DB9688263EF8700871C05E9FE2A0F"
"pi4","2026-01-08.csv","38317","2469.73","2/5/2026 12:45:48 AM","1E70C992BEC056DF86AC0479D38022D6E606E462ED627F4C2BA3D3C95FA4F7B1"
"pi4","2026-01-09.csv","38317","2469.68","2/5/2026 12:46:54 AM","FACBBBF4A97EAF5F26109550F40A77452E0D8AA26762E7FC50DDFE4A3A239B4A"
"pi4","2026-01-10.csv","38318","2469.7","2/5/2026 12:48:36 AM","A1F28321BCF201E468F4C11FDD374384112C31A3F9F2097C41770F6F53463A6D"
"pi4","2026-01-11.csv","38316","2469.61","2/5/2026 12:49:35 AM","D0B31C3C8202397B3A338356C4786E27E5259BDB1FCE1E9CEA487C682A13766B"
"pi4","2026-01-12.csv","59239","2541.01","2/5/2026 12:50:05 AM","AF22E3FB26FAF6B35193E92EF76AF844ECA26B0A6361F5C24380591624ACD3FE"
"pi4","2026-01-13.csv","31532","1942.21","2/5/2026 12:50:29 AM","A4A43AD9088DD4979897BBAA79BF29F082E6D30F7A2F42212762617E4A817DB6"
"pi4","2026-01-13_clean.csv","30416","1866.63","2/5/2026 12:50:46 AM","C7069725217083B936E6743E4BF8ED48AB48CF2D7F614996BAB8D0B7E71290DF"
"pi4","2026-01-14.csv","37426","2519.31","2/5/2026 12:51:24 AM","51F37D2936E251BF706B44B96B0524C5CE9B5D7E03A34273164A45F1B7B09038"
"pi4","2026-01-15.csv","37916","2552.16","2/5/2026 12:51:37 AM","819981EB293190FF9AD187878BA816529DAC905CAB0B38813FE6A5C2017AD2F8"
"pi4","2026-01-16.csv","38252","2575.28","2/5/2026 12:52:09 AM","DFC89235A2E6FFFE9542B26C1B5B75714952287343282704EB9AFDCB2AE7C1FF"
"pi4","2026-01-18.csv","333","22.5","2/5/2026 12:52:10 AM","AF1A5BF931FDAD799F8D9B1A6989EE0FD05CC8EC8239039770C4CB4D44BEC4C6"
"pi4","2026-01-19.csv","37309","2513.68","2/5/2026 12:52:39 AM","DBD4E0454508C8480181793601BF0623CD368350EDAEDED4F16B0426C65768CE"
"pi4","2026-01-20.csv","949","63.97","2/5/2026 12:52:39 AM","609F7BC26CE96C27074901FBBBF516107647BA14B3A25A4CB73AC6B7A3AFFA7A"
"pi4","2026-01-23.csv","2840","191.33","2/5/2026 12:52:40 AM","C8D05EB48F70F6AC186F78A74FFF463357333AF5D428921EF2C749AFC76B7566"
"pi4","2026-01-24.csv","38279","2577.43","2/5/2026 12:53:00 AM","E3A25DE023794BF44B3D9FEE6FEEFE6B702585792647438ED0AE298AEDDEE342"
"pi4","2026-01-25.csv","38309","2582.61","2/5/2026 12:53:34 AM","620510EB3A0EBAA498CA0B4696E3026C41820C717D3C3CFEB00E61CA695195E3"
"pi4","2026-01-26.csv","38309","2583.41","2/5/2026 12:54:05 AM","9C6D34E429D4C48EDD9810E9BB12D72443AEF41386DD3E549B579A13752AB884"
"pi4","2026-01-27.csv","38307","2701.06","2/5/2026 12:54:38 AM","9A9B8E5E2CCE9AF71C7268D1D363F94AF699B033918804B08C74EE4E23A9C4BA"
"pi4","2026-01-28.csv","38308","2693.86","2/5/2026 12:55:07 AM","2FEA02B28C01EC3448133F93537E0158FD8241AC91ECE0735D45AFC66B88816D"
"pi4","2026-01-29.csv","38309","2694.59","2/5/2026 12:55:50 AM","119EAA217D6318D244FE91E1E6D091B9CD2EC9B647B8954A30EEBB9DA956D272"
"pi4","2026-01-30.csv","35546","2500.12","2/10/2026 3:47:51 PM","2D84EAD9A32820754615FDA6865F69EB7B23F8DF438BEEB6A12AEECF6C2481CD"
"pi4","2026-01-31.csv","38307","2586.24","2/10/2026 3:47:57 PM","C1C5E1DD1F4E9820F44A6465E6BDDE4A2B18BB78DC9DC6D39A0A0435081BA341"
"pi4","2026-02-01.csv","38309","2597.33","2/10/2026 3:48:04 PM","9309F95399D9226FC8D9789F8A8BA130E0C5810C737A0AC5E2DE8AEFA609FC11"
"pi4","2026-02-02.csv","38309","2602.06","2/10/2026 3:48:11 PM","FFB6A9850655C4449B63CA74D720F3FA252CD790151BFBD774135A74CC1D906E"
"pi4","2026-02-03.csv","38310","2602.47","2/10/2026 3:48:19 PM","36FC92AF535016616358A8F991E440EAA2276F1E846CA4B5A1022B4CD97C34F2"
"pi4","2026-02-04.csv","19157","1293.75","2/10/2026 3:48:22 PM","83FDF8C98FA032881BF585DB37CDB35CC6173ACF98BA71759BD3454C356AE2EC"
"pi5","2025-12-10.csv","1764","117.11","2/10/2026 3:48:24 PM","F5592AE27CF61B58ADDF1C734068E3EE9A2F9AB377386C928A08D732E067DE08"
"pi5","2025-12-11.csv","6487","622.95","2/10/2026 3:48:31 PM","8481201469EAF1692E99352CA65BC7B5C5204AD67A92B7EE2C0A876D9E83302C"
"pi5","2025-12-12.csv","17837","1552.55","2/10/2026 3:48:58 PM","09915ED6BBC4F4374FE1FA6CDAA36B7325FBCC3C99F08ADBBA7BCAF17436040A"
"pi5","2025-12-13.csv","496","33.37","2/10/2026 3:48:58 PM","458EAC73A66E9307F04DBC090CBCFD332B777184574BE019B7D3A4FA18E05CC3"
"pi5","2025-12-14.csv","719","70.43","2/10/2026 3:48:59 PM","2C01122E163E7314841C2B6F9FAED0743AEB94DFDA25A7298612B1E850750F0C"
"pi5","2025-12-15.csv","9558","937.85","2/10/2026 3:49:07 PM","DE97BBB0275E9DB6855F3B96409EF09C44883FB5023B8F0D377281E9EDC222DE"
"pi5","2025-12-16.csv","34999","3387.12","2/10/2026 3:49:40 PM","739B5ADF46B1B23C700524DE5BA4DC2B756766A41117527D304F6B9EC0A236EF"
"pi5","2025-12-17.csv","38291","3747.22","2/10/2026 3:50:16 PM","023750F4754A220620077A9511A645F72994B62CCFCF4ED05A4417D69659C8A5"
"pi5","2025-12-18.csv","38293","3741.12","2/10/2026 3:50:52 PM","2367C37BB9B01D6DBBAC2F649890CE4B9C4F442D5EC1C91791888DED6F0F87AA"
"pi5","2025-12-19.csv","38293","3703.01","2/10/2026 3:51:29 PM","E1294E9FEC4C0871F4378EF4CA8895BDB39CD3C9FD59443780AF3C88E3EDD750"
"pi5","2025-12-20.csv","38292","3682.57","2/10/2026 3:53:28 PM","C36681EB08373BA7BA2911A47D3FE63A61C1BC0B9AE04D2592D12550523FB1DB"
"pi5","2025-12-21.csv","38293","3748.54","2/10/2026 3:54:57 PM","20D4B219DB5B0E9B83ED8CD16EA0911CA36EB8B4E9314D1E4F7DAD24C68CE3F6"
"pi5","2025-12-22.csv","38293","3720.92","2/10/2026 3:55:41 PM","CA578E5439E4C2A37BE78E5E6D4ED95132AA678B96E1E2B8188F487372479BC9"
"pi5","2025-12-23.csv","38294","3755.67","2/10/2026 3:56:24 PM","598B5FE35BDCAE666A9BD00BA66123D0BC95BCB3AC3235110C38353BEA6F72F1"
"pi5","2025-12-24.csv","38291","3721.16","2/10/2026 3:57:10 PM","075AA52708B63971E1AE20CB92C3D38A0016D1DA1903F7B78E7D1621AB2FD341"
"pi5","2025-12-25.csv","38293","3671.67","2/10/2026 3:57:55 PM","1DB12AA8D8F3E852745E09173893F7942840D6498213E9B8A928E83E6E4C5CC7"
"pi5","2025-12-26.csv","2104","165.76","2/10/2026 4:02:24 PM","ADD5D7A4CF067542DEFC1E2F19660718B89545B146039A6624E11350CADE723A"
"pi5","2025-12-27.csv","1563","121.72","2/10/2026 4:06:23 PM","12BD05804AA316A06B00915C9685E157BEED8222E59F5C04B96FD53D0588E66E"
"pi5","2025-12-29.csv","15266","1170","2/10/2026 4:12:37 PM","746FCD287EB154C57D70E2B93EED2791331D54262FD70D3818044CCC5F231D1E"
"pi5","2025-12-30.csv","38291","2884.49","2/10/2026 4:12:37 PM","1F682DFB8A312E5FB90C4A2C9B00AAF823CBC073C17AB34BCB5E9F8C5CE11A9D"
"pi5","2025-12-31.csv","32129","2439.16","2/10/2026 4:12:38 PM","318DC110C8C8AC9C87D12930D66A0F49DD793476736E73A95809851D219D7389"
"pi5","2026-01-01.csv","10043","753.14","2/10/2026 4:12:38 PM","060A2C01FE3628E90548215C8669FA1E36F65B2FFCC182E19B5C2702CE250E6E"
"pi5","2026-01-02.csv","38289","2883.17","2/10/2026 4:12:38 PM","E7250111CAA521121585E032EA5BB473EDBF6E7FEDCC4A3D7DE300FC436A9AD0"
"pi5","2026-01-03.csv","38292","2877.06","2/10/2026 4:12:38 PM","D47C028730AECFFEDA57963C88C21E075067906823DE22E765C6A17D25AC2BD0"
"pi5","2026-01-04.csv","38291","2886.85","2/10/2026 4:12:38 PM","886FB5BCC9ECED8DABDFFA3F56BC1D67F53E38BF138A95D05E3413CCB81BB959"
"pi5","2026-01-05.csv","19013","1440.32","2/10/2026 4:12:38 PM","8537DAC7C6767708A2AC71339605E3164A0E7E4CA6B41119710FF2FD8483B08A"
"pi5","2026-01-06.csv","325","15.95","2/10/2026 4:12:38 PM","6520A16F2EA99C3E8455AC3C14465DA663B2234545053FFEE18EBA1B9E9F5570"
"pi5","2026-01-07.csv","37305","3003.73","2/10/2026 4:12:38 PM","92DBDA3C6FB3C16B9C7C25E6D36AE96A68629C7C1E09CC71C1864953DDA106EE"
"pi5","2026-01-08.csv","36383","2932.25","2/10/2026 4:12:39 PM","71E5D6CD2C7A80537C07B2D8C036B54DABEAB30E0715FCB8F2C543B37ADD4B28"
"pi5","2026-01-09.csv","38294","3131.44","2/10/2026 4:12:39 PM","60171341304D273C24D0875380064CA95EBD1F5E2AEEB92B3FA2DE1077BC4DE4"
"pi5","2026-01-10.csv","38283","3167.67","2/10/2026 4:12:39 PM","9BD971781BF0C5A2FAFFF3BCF43DE911C6C8305B848EB8153F5CD440A7760903"
"pi5","2026-01-11.csv","75841","3317.13","2/10/2026 4:12:39 PM","172C4998389AC4E3B966CBD76D1C996E8B275180712E3E6B25B87D1CCAE3CE24"
"pi5","2026-01-11_sanitized_v2.csv","37856","2888.56","2/10/2026 4:12:39 PM","608DAD2A5F2BA843EECE875E28EA7EA306A9E53D127512FF2F6C5548C84B4550"
"pi5","2026-01-12.csv","38275","3091.35","2/10/2026 4:12:39 PM","9B60085B6882D8E4E0189BA4B7D08AECA413733C44DB0A38E2EB9FE9645DF1AC"
"pi5","2026-01-13.csv","38293","3060.35","2/10/2026 4:12:40 PM","AF0CCD7D45526E4B86CBAD5660488D19077F7530F52EF627CA98969C7F8F7160"
"pi5","2026-01-14.csv","38140","3023.04","2/10/2026 4:12:40 PM","071849A19BEB4A6AA943B0B795363737E60B8C7AAD5316E9C9DDE299F805B498"
"pi5","2026-01-15.csv","38294","3036.94","2/10/2026 4:12:40 PM","84D4E741B4AAEAFB9F12959D24CEE8DA00CBC103D47589CD62C3FE22B7CA4E76"
"pi5","2026-01-16.csv","38292","3070.45","2/10/2026 4:12:40 PM","FC1920132B65891DA2AB561CF0CA0DF726CC4C0A5B380AB77D2F5B9B2333748D"
"pi5","2026-01-17.csv","38293","3089.85","2/10/2026 4:12:40 PM","9A8EC872F2813FBAF470D8DFAE39F7210A2D8D7D9EB22EF88F9E4D03C5E54D4B"
"pi5","2026-01-18.csv","38294","3111.89","2/10/2026 4:12:40 PM","8240A330DBABD2B5588E0A5064B4D158D12DEDD8C55F45E58E10087C46C0F5CC"
"pi5","2026-01-19.csv","38268","3081.9","2/10/2026 4:12:40 PM","84AC38E84E6EA20A323A7E7A1A5FF7635C3725FC805E4C108981FD6D59EF0B6D"
"pi5","2026-01-20.csv","1162","93.33","2/10/2026 4:12:41 PM","6464C7526069707F235176854535D2ADC5EB24002F1CA4688AC6FA06121C5ECC"
"pi5","2026-01-23.csv","8005","643.85","2/10/2026 4:12:41 PM","D83B070C7B55A454510BCC9D7535E00DC1670477BE5072493E726EEA8347E40E"
"pi5","2026-01-24.csv","38247","3098.16","2/10/2026 4:12:41 PM","1C1FB8D6C9CC2FF517DBA922DA21DB741E75ED025446E1279DF84FAC1B7158FF"
"pi5","2026-01-25.csv","38292","3074.57","2/10/2026 4:12:41 PM","901D247F690D32764C71966E123DE8974FE669A225E5C18DD6479D06E6E2FA77"
"pi5","2026-01-26.csv","37387","3018.22","2/10/2026 4:12:41 PM","1940DFDDB77550975C38BFEC3A145A980EA658CE04AB9E8B9606BA938F283BFD"
"pi5","2026-01-27.csv","36993","2853.16","2/10/2026 4:12:41 PM","E84DEB986799F9DC8C9AD006F12351F2022778CD0083D51AF29552F74DE6359E"
"pi5","2026-01-28.csv","38296","3029.9","2/10/2026 4:12:42 PM","BD4EB4FA0FFEBEAE381458BD7F6A79883A2457F35C313A41AEE05CF796CCB996"
"pi5","2026-01-29.csv","38296","3058.49","2/10/2026 4:12:42 PM","4EB61F24B8C248C058ECF21D24882FE8BFD11EF1D1FD5FA3C5B861C3BD88548F"
"pi5","2026-01-30.csv","35531","2811.54","2/10/2026 4:12:42 PM","04E348507C509AB9A2F5AD05B449F17148D7A1458B0D39B22D16DC56F0AAC6CF"
"pi5","2026-01-31.csv","38295","3088.34","2/10/2026 4:12:42 PM","F4F3A9E297B959D830910E2F7563AA1458F7E04725195FFA5DD58D02F0B8F087"
"pi5","2026-02-01.csv","38296","3102.51","2/10/2026 4:12:42 PM","121FCFF960816065A6DD0EF610069C82335E2806E52C56174059B8EA5B5FC1D1"
"pi5","2026-02-02.csv","38297","3165.43","2/10/2026 4:12:42 PM","89982A5A0C4EE43A95131350C3727C2CB5D3683F5CCBBFA8FB2B83F82B99D00F"
"pi5","2026-02-03.csv","38296","3265.95","2/10/2026 4:12:43 PM","A6AD373860F3CD3D7F1745C0558AAC45159C7A723F401EF59A7B9E3A51825D4F"
"pi5","2026-02-04.csv","19151","1655.56","2/10/2026 4:12:43 PM","6981F020D533093F277872CB9772C55C1CD3A9418630303EACCF676256CF94C6"
"pi6","2025-12-10.csv","19058","954.26","2/10/2026 4:12:43 PM","40A07B1AD095A1008DF562AEF580AA0C2D42FCD73FDF1602ADF3A36EAA80D9F0"
"pi6","2025-12-11.csv","6646","338.11","2/10/2026 4:12:43 PM","C81B6ED85FB9FDA669237DF186873094DD688B404F186532ED385420D20F2030"
"pi6","2025-12-12.csv","21527","1093.31","2/10/2026 4:12:43 PM","1F4E814744B9922FC88BBCE98926809147D9CD6E0D3270182FCD44880244EFA4"
"pi6","2025-12-13.csv","538","27.44","2/10/2026 4:12:43 PM","AA11E1D4BE1918F458BB138F9523803C65A1212A6014EF8A81DEF77B16EEC404"
"pi6","2025-12-14.csv","9818","498.6","2/10/2026 4:12:43 PM","64E6903F26F67FB6E856C547609E3BA91A7896C6DF6DC449AD2FA9EDE0FC8956"
"pi6","2025-12-15.csv","25788","1309.6","2/10/2026 4:12:43 PM","8F5977049041E3A11BC4507C8286E6977E02C36C587794C3D960DB14D4900CA4"
"pi6","2025-12-16.csv","36490","1839.93","2/10/2026 4:12:43 PM","AAAA8738208752163C6DD9E439D0502F2B2865015B7D6089BBD11226643810F9"
"pi6","2025-12-17.csv","38312","1945.54","2/10/2026 4:12:44 PM","47BA4C2690CAC734051FD3B494ABF718B0B0357E3F6B0FEFA38D9B5C760B147E"
"pi6","2025-12-18.csv","38313","1945.63","2/10/2026 4:12:44 PM","A41BE6A960053B3BF6175BABF694FDA2120C834D9EDDCEDF614EEFA620C09608"
"pi6","2025-12-19.csv","38312","1945.54","2/10/2026 4:12:44 PM","6BA92B9CF75DBD257000FEA78A4A34656C21673D6E09FCFD177A0D6C38AB2518"
"pi6","2025-12-20.csv","38316","1945.76","2/10/2026 4:12:44 PM","9F124DDCFAFF024EBDBA72E11954AEA21AE6705F4415934E080D84A9CEEE2104"
"pi6","2025-12-21.csv","35696","1812.74","2/10/2026 4:12:44 PM","8DA429971CF0BABFB64C63C7EE5CCC81AEE6A63F987A8FE991AB8605EAA045DA"
"pi6","2025-12-22.csv","38319","1945.95","2/10/2026 4:12:44 PM","A91BB334B341E511FC3E79EDBCE684DB2259FB20E278977AA782517C83EE4F0E"
"pi6","2025-12-23.csv","30732","1561.68","2/10/2026 4:12:45 PM","C8B6CD5AAA923CC9F3DD0111C6C25C91B5D737D02752E8F3F8BC0E9AE39F4DAE"
"pi6","2025-12-24.csv","18136","921.18","2/10/2026 4:12:45 PM","D615757B22A5248E4645659D93827DE59BC5345C2AFF20DBA65199E8E49622EF"
"pi6","2025-12-25.csv","38293","1944.48","2/10/2026 4:12:45 PM","1546E57DEE9A7D2AD531F65CB23B3EF370A7634B81741B2486E3EAB8CE8AA35F"
"pi6","2025-12-26.csv","37747","1917.29","2/10/2026 4:12:45 PM","63B1159C99CC6B8B0E64CD706D9AF94358E4746366F2AB205338D3323298911E"
"pi6","2025-12-27.csv","38316","1945.77","2/10/2026 4:12:45 PM","1E87032A9BAC6373D5B394211C67F2C48A6B563C22B421C57F1973E81E605CAD"
"pi6","2025-12-28.csv","33292","1691.4","2/10/2026 4:12:46 PM","3F783E3DD00BA3F7927E592DD65C008CA9D9F8CDC0D1C70BE5051D93C0930E5C"
"pi6","2025-12-29.csv","38315","1945.7","2/10/2026 4:12:46 PM","AD9B290643A1B7F8FAD14387C90264195E2D0CBBB5D4F9A9D081267AAA06AE36"
"pi6","2025-12-30.csv","38313","1945.62","2/10/2026 4:12:46 PM","D2A1FAD87C91074BCB0FBE63D423B1A48EB4CACF58D01DBE806B343525296346"
"pi6","2025-12-31.csv","29767","1511.78","2/10/2026 4:12:46 PM","3653EA407E369DE737C3462DF15B79E7B59BA1EBC7D78A7645797B1B7EC36698"
"pi6","2026-01-01.csv","38264","1943.08","2/10/2026 4:12:46 PM","C4089BCC4D7EBD59BF195EC6CDA482EEDE4848F2891A9AC85D24AE88811B53BF"
"pi6","2026-01-02.csv","38312","1945.26","2/10/2026 4:12:47 PM","DA7B7C04D8A2FDABEE38C7D4689107E4BE24BFE941DF83C2FD5E73AE7665976D"
"pi6","2026-01-03.csv","38313","1945.61","2/10/2026 4:12:47 PM","5DDC3EA00ABF269A9BD66A7C5A04B02B1A9FC269871F2A7FE677B93D30B3CF00"
"pi6","2026-01-04.csv","38316","1945.75","2/10/2026 4:12:47 PM","A42F394FB4D4EFCB1DAFCE6D231177EFEDB890A276446307B6EE8689DC0167E9"
"pi6","2026-01-05.csv","38316","1945.72","2/10/2026 4:12:47 PM","3CE630D456D201544E45D6681FB014BBF4C8C2009E28D5EEAC50124DDDB619E0"
"pi6","2026-01-06.csv","38313","1945.58","2/10/2026 4:12:47 PM","67A78AC36694EAE4D2896E6EE6640686ED7EA450876FDEC82BC662B1434C89CB"
"pi6","2026-01-07.csv","38309","1945.42","2/10/2026 4:12:47 PM","7C1451816DDF22838BC32AADF68D950508FDB728BB7D543AADC5FE33DDCFB9A3"
"pi6","2026-01-08.csv","38310","1945.4","2/10/2026 4:12:48 PM","FF63EA47F92C52F25670604E45AC567ACD84295CE60A5E2E75AE1045E379FCC0"
"pi6","2026-01-09.csv","38316","1945.76","2/10/2026 4:12:48 PM","9F7F8A1C6D481C04BB302BC30DB78DF4CC7A46579B8246F99AB107649B85E53C"
"pi6","2026-01-10.csv","38318","1945.83","2/10/2026 4:12:48 PM","75A4B8DFB97217B3A24902297293D5C2CBB0AE5D24924536785DAC72ACC1E7B7"
"pi6","2026-01-11.csv","38319","1945.88","2/10/2026 4:12:48 PM","53F234F75ED585889341B4B788298E4088637CF91F1A3EB954370C89122BED67"
"pi6","2026-01-12.csv","38318","1945.84","2/10/2026 4:12:48 PM","A70668A030C5DB6C716046B11AB0B55D5DCB326BCE39A551201FB5BDD1CA8C9E"
"pi6","2026-01-13.csv","38319","1945.94","2/10/2026 4:12:49 PM","8A5AE8CF0D0CA373714C314E42FC4F0CB04E34176B4DC4B769119AEBC62EB9E0"
"pi6","2026-01-14.csv","17660","899.86","2/10/2026 4:12:49 PM","3956B70DBBA151C6BB97C853E6AE49334F51AFF6C8D57BAD76ABA962219F7413"
"pi6","2026-01-15.csv","38248","1944.13","2/10/2026 4:12:49 PM","0BCE60A999D0AFDBC4474D3DAD3851451AE4E4EC26676FC0230A20604E0C06BB"
"pi6","2026-01-16.csv","36664","1863.55","2/10/2026 4:12:49 PM","10D6D774A5B96B57C348AF406E99837963DDEAC156158F56258F9B438B459663"
"pi6","2026-01-17.csv","17414","885.08","2/10/2026 4:12:49 PM","53DFD7918156DB96F20951620F312C615C8F67A075EEFF912DB5992008CCE2C1"
"pi6","2026-01-18.csv","38313","1945.56","2/10/2026 4:12:49 PM","05CA5A0A2BE44D1625E1960A8EAF030658D9C6F9854A398802FB25B7DB80B344"
"pi6","2026-01-19.csv","38283","1944.1","2/10/2026 4:12:49 PM","E9F2DEC47A6EF2DD3A39BD2E531B3B46CA6EFE6C8F2C3AA8E0A9EF1568B2D6BD"
"pi6","2026-01-20.csv","919","46.75","2/10/2026 4:12:49 PM","74D7B3FEE0A35AC6EE0C0C208F37F530ADDB3EE711F43D8CDBEBC2AD3F2E5D89"
"pi6","2026-01-22.csv","52","2.72","2/10/2026 4:12:49 PM","AD766338EFE6167CD8D4CDE2C18053E815BEE01E1C22BABAB0AC17FE8E88E1DB"
"pi6","2026-01-23.csv","2834","143.83","2/10/2026 4:12:49 PM","72E3800EEBC20D1C62A6D510C03687A036B4D287C3DF716417C282735851D9CE"
"pi6","2026-01-24.csv","38283","1944.76","2/10/2026 4:12:50 PM","9F6C2BAAFADE0FB715E98826A6594D78AC586F1A83BE204C4D22EEC3F9FFB7FA"
"pi6","2026-01-25.csv","38309","1948.71","2/10/2026 4:12:50 PM","31404BFD64DDF2A9F6CA48ECF8273551B3CE7EF8B3270223819DD4DA9EE3DD46"
"pi6","2026-01-26.csv","38311","1949.4","2/10/2026 4:12:50 PM","39D42C68B09F0CAD7998C56CFBC5DE261585116841D08EA5CBFBE6AD17999F63"
"pi6","2026-01-27.csv","38314","1955.62","2/10/2026 4:12:50 PM","9849F6F8FC5C03D18E54C492CA4C4625AD4D6ACAD2E54F7D134082D19727F897"
"pi6","2026-01-28.csv","38312","1949.25","2/10/2026 4:12:50 PM","65D5FBA1AA9891D2599FC371E7155F409CDEF6022F9B8379CE06516F97912645"
"pi6","2026-01-29.csv","38314","1949.4","2/10/2026 4:12:51 PM","1FD1E937A01EF22C4B9D88617C8281583715B940B25A6D9EDF664157A943AB5E"
"pi6","2026-01-30.csv","35556","1809.37","2/10/2026 4:12:51 PM","E2C3F92DD29F94BF6C26061CEF15287B233421379E1B0F1702E5657D9701E68E"
"pi6","2026-01-31.csv","38312","1952.75","2/10/2026 4:12:51 PM","7737773398858FDFB77E45C9CFF476458A582DF3FA637458A7DD37E10EE4BC38"
"pi6","2026-02-01.csv","38312","1964.33","2/10/2026 4:12:51 PM","58075A69ABE1092B75E2D9FDC43EE916D2AB1DE990F11B2D13C8529D63DB9107"
"pi6","2026-02-02.csv","38311","1968.86","2/10/2026 4:12:51 PM","7757FAB93BDFCD7E07D261CC57A9879FDDCABB39151DDD44477BFA8B1401AF5B"
"pi6","2026-02-03.csv","38309","1968.75","2/10/2026 4:12:51 PM","FCC7F2817C3B9BE312F6FC43F808C801096FCE1F990CBF9BB64991A8AE3E3806"
"pi6","2026-02-04.csv","19159","975.44","2/10/2026 4:12:51 PM","8ACF372E8DE63E7E47C893B829B67F76F3BFA5B087254188A2C0B122A7631BEA"
"pi7","2025-12-10.csv","627","31.1","2/10/2026 5:36:11 PM","9A5F2FD8ABD63A2E2E9092F7F116EFF7C5D0CD94ED3A90B996EE1462509272ED"
"pi7","2025-12-11.csv","6401","318.94","2/10/2026 4:12:52 PM","08CEAAB72B805FCFBD41D782AEE359F8D76043829935F2A7E2784B8AFF8D7565"
"pi7","2025-12-12.csv","21499","1048.84","2/10/2026 4:12:52 PM","EB2239B0921D2DBB8C27A8942C709675C43DB941722B0B579047B07B62A95221"
"pi7","2025-12-14.csv","9838","479.85","2/10/2026 4:12:52 PM","ECB74052560597B61B804E20584259030FFBCEA536D9B9D6FC405B134ACC8C9A"
"pi7","2025-12-15.csv","25792","1258.01","2/10/2026 4:12:52 PM","F591884C09028161A7E5B4FA65A6E869BC27BB4055B464378C1AEE0223B1D22A"
"pi7","2025-12-16.csv","36486","1778.74","2/10/2026 4:12:52 PM","A7EDFCFC9554A254A24DE0C62DD72F5B2175B81FFA1A7573964584B27EA366A3"
"pi7","2025-12-17.csv","38311","1867.91","2/10/2026 4:12:52 PM","12CCF704A81A8A3162528A34B596252E0F87C5E2A70167EC9B4C253FCF920A4E"
"pi7","2025-12-18.csv","38309","1868.57","2/10/2026 4:12:52 PM","735E014271FFE632AD562A10521A53C24354F277E509E7EEAF21E7659A4837B0"
"pi7","2025-12-19.csv","38310","1867.29","2/10/2026 4:12:52 PM","2BA8C383BF5BD80D26C93CFE1614E291479440BD36302C02521D3EAD471CB5B2"
"pi7","2025-12-20.csv","38308","1868.36","2/10/2026 4:12:53 PM","9CA29B80F17F771750D664ACF1B06614A4E5D08785F38DA25FC35AEABE681E81"
"pi7","2025-12-21.csv","38309","1868.64","2/10/2026 4:12:53 PM","875E2EEAD3BF14A7DA3EDF8C9473E78BF63F593E5C168AC00E8989E117762305"
"pi7","2025-12-22.csv","38311","1868.82","2/10/2026 4:12:53 PM","6966F2802416F438297AC50954FF3E034BF3FC0370E28C4A95379B23FC0CEFF9"
"pi7","2025-12-23.csv","38316","1838.78","2/10/2026 4:12:53 PM","71A60C7867D6DFC24EEEDADE6FD873BAA043205F1E4AC42417F5290CBCDEDA50"
"pi7","2025-12-24.csv","38312","1868.81","2/10/2026 4:12:53 PM","00F02842B24B4FBF12B5586ACC9B41CA3F1F02D504E995276F7D13451AFFA12B"
"pi7","2025-12-25.csv","38309","1867.54","2/10/2026 4:12:53 PM","B4E57C812DDD7C79AC486E55F3ABBCBA72A5D837B41A77C70E056165CB76E020"
"pi7","2025-12-26.csv","38309","1867.64","2/10/2026 4:12:54 PM","BB63817B52A28F73A33EE63D2209062E3BA6F5EB21D6E481450AA85CD232EB71"
"pi7","2025-12-27.csv","38310","1867.95","2/10/2026 4:12:54 PM","5A7569B10CB406FEDD0469D7B5D899D5AD51D07396A707EB26F024148FFE9B0E"
"pi7","2025-12-28.csv","38310","1868.05","2/10/2026 4:12:54 PM","F5B0DFB373695F988DFCA4FCFE50D4CF453522AE7770E56E0919986D847CF7C5"
"pi7","2025-12-29.csv","38311","1867.92","2/10/2026 4:12:54 PM","4B906336FF4AF22A264ECC8394C4DACB204ECD1D65887AE9C1C9D41F6D28C077"
"pi7","2025-12-30.csv","38309","1868.27","2/10/2026 4:12:54 PM","9FF171807C40C88A81E445FC64E462530F6222856E3DF0A55631B032B4D614E1"
"pi7","2025-12-31.csv","38309","1867.99","2/10/2026 4:12:54 PM","90B5ACC9AB0D3DB8652A5264B69CD9F5389CBF68558E64974EC5254EBB698533"
"pi7","2026-01-01.csv","38143","1860.82","2/10/2026 4:12:55 PM","5430444530AD0DC90BACEB3569A46F320EBED6FDD8ED7218DC1D16EA4380409D"
"pi7","2026-01-02.csv","38307","1868.51","2/10/2026 4:12:55 PM","FB34B5E419CCA39E071B718F7E1B19606699E738B5BC89F1788D08DA3438575E"
"pi7","2026-01-03.csv","38308","1868.43","2/10/2026 4:12:55 PM","37DAB9916B88D35CBA416ED5634896C676D5A6A722AA4C266C50307627D2BE8D"
"pi7","2026-01-04.csv","38310","1867.8","2/10/2026 4:12:55 PM","0A57CF64FB0806E845BDCAC6DA6C640CC282BD51FB9113171CF7A2D8598881C8"
"pi7","2026-01-05.csv","38308","1866.73","2/10/2026 4:12:55 PM","1A4FAA82DC466167E1408981375CC7AB71F04F3F985207BBA67A58BFA7C44260"
"pi7","2026-01-06.csv","38309","1867.83","2/10/2026 4:12:55 PM","642A026B025E1BB31968EB6973ED74C87C0BB0F0C18150C9CCE1FDDA05987503"
"pi7","2026-01-07.csv","38307","1866.83","2/10/2026 4:12:55 PM","DB120ABDAF61E112D7AD92810856B95A4CE021B16C0D5806828D00B534CA6AF8"
"pi7","2026-01-08.csv","38309","1867.84","2/10/2026 4:12:56 PM","DA8B3B317D10C4CA5A6172BE2287886D8FBE1C0B18035256220A46B8E089D19B"
"pi7","2026-01-09.csv","38309","1868.24","2/10/2026 4:12:56 PM","13BFCD1DEBF3ABA1EB85C4150E76ED695D954468CFE0618D01BDD1DE9F9875BE"
"pi7","2026-01-10.csv","38311","1868.38","2/10/2026 4:12:56 PM","25D842936FF4B76418CB019B6F663F4E669B462DDA8B7EE28E9793D4D675520E"
"pi7","2026-01-11.csv","38309","1868.04","2/10/2026 4:12:56 PM","9D7C79B20628915C65B09490378D55CF2A76FF825F95591525303255EF06CA58"
"pi7","2026-01-12.csv","38310","1868.22","2/10/2026 4:12:56 PM","63E1FD8DF2133164E53ACC9375688BDFA3D35D508AD47E180D7F53379609EA74"
"pi7","2026-01-13.csv","38309","1868.43","2/10/2026 4:12:57 PM","051742B3D61C39D182CA5C9AF273A3DE32294FEE8490F909847F9A6E2911F6F4"
"pi7","2026-01-14.csv","38084","1857.29","2/10/2026 4:12:57 PM","D660833B6ECB6C655830D8C5DB27CA9BBB6906D4B4FBBB07D7E944ADF9E82758"
"pi7","2026-01-15.csv","37988","1852.49","2/10/2026 4:12:57 PM","EC255344D97E91AADEC35C5ED5F709D1569FF03C4D5C3618872D2AE5F838894C"
"pi7","2026-01-16.csv","17714","1059.55","2/10/2026 4:12:57 PM","2BDAFA0B26C60887F64C6F1AF7BD7A66A080AE5D5832099F943B581EE6DE3B97"
"pi7","2026-01-16.pre_anomaly.220300.csv","14601","811.99","2/10/2026 4:12:57 PM","1B6BE75E979EEFC634AB5C8B6A77BF78FF60ED7B990CA1B5F92E269B91B7BE76"
"pi7","2026-01-16_v2.csv","11266","621.35","2/10/2026 4:12:57 PM","B56076FD3A9DE69E0FB27FF519263283665C535D269AC53576CD6E033B567607"
"pi7","2026-01-17.csv","38310","2132.17","2/10/2026 4:12:57 PM","2D9315A5EEEABF64933C715010CE4A7195A2E306EA57FD281554FCB85CF810FC"
"pi7","2026-01-18.csv","38310","2131.83","2/10/2026 4:12:58 PM","0EAAE01DCD8936870BA3C9D84312579AA4379C09C58B5DE9DEA618BAB1F58517"
"pi7","2026-01-19.csv","37367","2080.96","2/10/2026 4:12:58 PM","E24A06003CE8B469AA3016E41060EF0E582C17921117126D7ED8D3775F7E60BF"
"pi7","2026-01-20.csv","1357","75.69","2/10/2026 4:12:58 PM","2E69B8F3C8E411A0C747D109A8B807F2570FCE5DB20EF7EBB0BA30FA5ADDC98B"
"pi7","2026-01-23.csv","2662","148.21","2/10/2026 4:12:58 PM","70E844713D3C51CF5F4F7D784D2AE561BDF5873DC5B3742AC483F4C88A07AEF8"
"pi7","2026-01-24.csv","38281","2130.45","2/10/2026 4:12:58 PM","1D5CAB376EC716EF656E31B778B0D2CA796FEAF73A4E44959883183A408EF070"
"pi7","2026-01-25.csv","38309","2134.2","2/10/2026 4:12:58 PM","7644BB9F78D59E5B90EB8AA4714E9B627228C9BFB56D8F98017E52E6F0102B21"
"pi7","2026-01-26.csv","38309","2134.61","2/10/2026 4:12:58 PM","C3AF17D908E91A21E5E53AD68CCEE9C1AB091BC30309F59F6EB79DC2E9DEA27A"
"pi7","2026-01-27.csv","38310","2250.11","2/10/2026 4:12:58 PM","19EAE6CC8DAF5DA49AED1A5C8C66FD03BBBFD66C9088C75CBE12F3BE445B0980"
"pi7","2026-01-28.csv","38309","2244.96","2/10/2026 4:12:59 PM","7A82E7B10E90CE35DCD061CB5591665DB167F66D154295810D0A96E75911E64E"
"pi7","2026-01-29.csv","38311","2244.25","2/10/2026 4:12:59 PM","22752F9494300CD10A3B8AFAF2F2398905BDF58762D41B2EEF08C672B9EC46EC"
"pi7","2026-01-30.csv","35553","2083.31","2/10/2026 4:12:59 PM","A4422A8AFD36172E003038CF161FAB2ED22A5EB38AF058BEECFBC1CC05E12B91"
"pi7","2026-01-31.csv","38310","2138.29","2/10/2026 4:12:59 PM","ACA12F9C0B8F2EF275CBCE16C2D57BF07DCC4956446E78546847BE9FF1BE8CF1"
"pi7","2026-02-01.csv","38309","2145.34","2/10/2026 4:12:59 PM","134A259D47A28BE5555ACB2961EEB51F9E48B65212DC6543AABA1A7C1CCCFE51"
"pi7","2026-02-02.csv","38309","2145.39","2/10/2026 4:13:00 PM","5DEA20A849BEECA5FF09CC94E486DDF5BDECD1EDE9FADE0EC497ED99C3764D24"
"pi7","2026-02-03.csv","38310","2148.89","2/10/2026 4:13:00 PM","3466D2BACBC2A3A936073C276CE36BB90162E5A0881B2FD9BFC3959D68588314"
"pi7","2026-02-04.csv","19159","1066.13","2/10/2026 4:13:00 PM","44FE689E7BADB6805BDE977813BE801D858CE6B14A3F097772105E92B907CC14"
